{
  "hash": "4680c46c",
  "configHash": "052d7422",
  "lockfileHash": "45038724",
  "browserHash": "daa1331d",
  "optimized": {
    "@angular/core": {
      "src": "../../../../../../node_modules/@angular/core/fesm2022/core.mjs",
      "file": "@angular_core.js",
      "fileHash": "da625d56",
      "needsInterop": false
    },
    "@angular/platform-browser": {
      "src": "../../../../../../node_modules/@angular/platform-browser/fesm2022/platform-browser.mjs",
      "file": "@angular_platform-browser.js",
      "fileHash": "b3bc2a55",
      "needsInterop": false
    },
    "@angular/router": {
      "src": "../../../../../../node_modules/@angular/router/fesm2022/router.mjs",
      "file": "@angular_router.js",
      "fileHash": "8d3a2edd",
      "needsInterop": false
    },
    "@angular/common": {
      "src": "../../../../../../node_modules/@angular/common/fesm2022/common.mjs",
      "file": "@angular_common.js",
      "fileHash": "d2794247",
      "needsInterop": false
    },
    "@angular/forms": {
      "src": "../../../../../../node_modules/@angular/forms/fesm2022/forms.mjs",
      "file": "@angular_forms.js",
      "fileHash": "67efa2fb",
      "needsInterop": false
    }
  },
  "chunks": {
    "chunk-2D655GKT": {
      "file": "chunk-2D655GKT.js"
    },
    "chunk-ZJKLAVTL": {
      "file": "chunk-ZJKLAVTL.js"
    },
    "chunk-ADJQCICN": {
      "file": "chunk-ADJQCICN.js"
    }
  }
}